	observed_features
41B_Day7_10	71
41B_Day7_11	63
41B_Day7_12	71
41B_Day7_13	63
41B_Day7_14	71
41B_Day7_15	81
41B_Day7_16	71
41B_Day7_17	63
41B_Day7_18	63
41B_Day7_19	71
41B_Day7_1	71
41B_Day7_20	63
41B_Day7_21	63
41B_Day7_22	71
41B_Day7_23	63
41B_Day7_24	67
41B_Day7_2	71
41B_Day7_3	70
41B_Day7_4	63
41B_Day7_5	71
41B_Day7_6	63
41B_Day7_7	71
41B_Day7_8	71
41B_Day7_9	71
41B_Month1_10	8
41B_Month1_11	8
41B_Month1_12	8
41B_Month1_13	645
41B_Month1_14	1120
41B_Month1_15	1081
41B_Month1_16	1118
41B_Month1_17	1121
41B_Month1_18	866
41B_Month1_19	8
41B_Month1_1	952
41B_Month1_20	1103
41B_Month1_21	7
41B_Month1_22	8
41B_Month1_23	14
41B_Month1_24	7
41B_Month1_2	991
41B_Month1_3	8
41B_Month1_4	8
41B_Month1_5	8
41B_Month1_6	8
41B_Month1_7	958
41B_Month1_8	8
41B_Month1_9	8
41B_Month3_10	71
41B_Month3_11	69
41B_Month3_12	8
41B_Month3_13	71
41B_Month3_14	75
41B_Month3_15	63
41B_Month3_16	71
41B_Month3_17	71
41B_Month3_18	69
41B_Month3_19	71
41B_Month3_1	71
41B_Month3_20	29
41B_Month3_21	71
41B_Month3_22	71
41B_Month3_23	71
41B_Month3_24	8
41B_Month3_3	64
41B_Month3_4	71
41B_Month3_5	67
41B_Month3_6	71
41B_Month3_7	71
41B_Month3_8	71
41B_Month3_9	8
41B_Month6_10	71
41B_Month6_11	71
41B_Month6_12	78
41B_Month6_13	71
41B_Month6_14	71
41B_Month6_15	71
41B_Month6_16	71
41B_Month6_17	70
41B_Month6_18	8
41B_Month6_19	71
41B_Month6_1	71
41B_Month6_20	8
41B_Month6_21	71
41B_Month6_22	71
41B_Month6_23	71
41B_Month6_24	71
41B_Month6_2	139
41B_Month6_3	71
41B_Month6_4	75
41B_Month6_5	71
41B_Month6_6	175
41B_Month6_7	71
41B_Month6_8	67
41B_Month6_9	70
41LL_Day7_10	8
41LL_Day7_11	8
41LL_Day7_12	71
41LL_Day7_13	7
41LL_Day7_14	8
41LL_Day7_15	68
41LL_Day7_16	71
41LL_Day7_17	75
41LL_Day7_18	71
41LL_Day7_19	68
41LL_Day7_1	73
41LL_Day7_20	139
41LL_Day7_21	140
41LL_Day7_22	8
41LL_Day7_23	71
41LL_Day7_24	68
41LL_Day7_2	8
41LL_Day7_3	71
41LL_Day7_4	71
41LL_Day7_5	71
41LL_Day7_6	71
41LL_Day7_7	73
41LL_Day7_8	71
41LL_Day7_9	71
41LL_Month3_10	71
41LL_Month3_11	63
41LL_Month3_12	65
41LL_Month3_13	70
41LL_Month3_14	71
41LL_Month3_15	71
41LL_Month3_16	8
41LL_Month3_17	71
41LL_Month3_18	69
41LL_Month3_19	63
41LL_Month3_1	71
41LL_Month3_20	63
41LL_Month3_21	63
41LL_Month3_22	63
41LL_Month3_23	8
41LL_Month3_24	8
41LL_Month3_2	71
41LL_Month3_3	8
41LL_Month3_4	71
41LL_Month3_5	71
41LL_Month3_7	62
41LL_Month3_8	71
41LL_Month3_9	63
41LL_Month6_10	71
41LL_Month6_11	71
41LL_Month6_12	71
41LL_Month6_13	176
41LL_Month6_14	71
41LL_Month6_15	71
41LL_Month6_16	71
41LL_Month6_17	71
41LL_Month6_18	71
41LL_Month6_19	71
41LL_Month6_1	70
41LL_Month6_20	139
41LL_Month6_21	71
41LL_Month6_22	102
41LL_Month6_23	177
41LL_Month6_24	71
41LL_Month6_2	71
41LL_Month6_3	67
41LL_Month6_4	70
41LL_Month6_5	71
41LL_Month6_6	67
41LL_Month6_7	100
41LL_Month6_8	71
41LL_Month6_9	141
41L_Day3_10	70
41L_Day3_11	148
41L_Day3_12	71
41L_Day3_13	100
41L_Day3_14	71
41L_Day3_15	161
41L_Day3_16	71
41L_Day3_17	71
41L_Day3_18	71
41L_Day3_19	71
41L_Day3_1	71
41L_Day3_20	71
41L_Day3_21	71
41L_Day3_22	128
41L_Day3_23	8
41L_Day3_24	60
41L_Day3_2	71
41L_Day3_3	81
41L_Day3_4	71
41L_Day3_5	71
41L_Day3_6	81
41L_Day3_7	71
41L_Day3_8	71
41L_Day3_9	81
41L_Day7_10	71
41L_Day7_11	156
41L_Day7_12	71
41L_Day7_13	71
41L_Day7_14	68
41L_Day7_15	70
41L_Day7_17	66
41L_Day7_18	68
41L_Day7_19	71
41L_Day7_1	71
41L_Day7_20	71
41L_Day7_21	71
41L_Day7_22	71
41L_Day7_23	71
41L_Day7_24	81
41L_Day7_2	87
41L_Day7_3	8
41L_Day7_4	68
41L_Day7_5	175
41L_Day7_6	68
41L_Day7_7	8
41L_Day7_8	71
41L_Day7_9	71
41L_Month10_10	101
41L_Month10_11	100
41L_Month10_12	705
41L_Month10_13	652
41L_Month10_14	81
41L_Month10_15	698
41L_Month10_16	79
41L_Month10_17	71
41L_Month10_18	74
41L_Month10_19	8
41L_Month10_1	121
41L_Month10_20	602
41L_Month10_21	71
41L_Month10_22	71
41L_Month10_23	71
41L_Month10_24	678
41L_Month10_2	71
41L_Month10_3	124
41L_Month10_4	296
41L_Month10_5	101
41L_Month10_6	81
41L_Month10_7	71
41L_Month10_8	952
41L_Month10_9	659
41L_Month1_10	207
41L_Month1_11	207
41L_Month1_12	206
41L_Month1_13	79
41L_Month1_14	63
41L_Month1_15	121
41L_Month1_16	216
41L_Month1_17	81
41L_Month1_18	10
41L_Month1_19	81
41L_Month1_1	201
41L_Month1_20	8
41L_Month1_21	206
41L_Month1_22	100
41L_Month1_23	207
41L_Month1_24	131
41L_Month1_2	178
41L_Month1_3	206
41L_Month1_4	80
41L_Month1_5	10
41L_Month1_6	81
41L_Month1_7	88
41L_Month1_8	71
41L_Month1_9	68
41L_Month3_10	8
41L_Month3_11	7
41L_Month3_12	63
41L_Month3_13	71
41L_Month3_14	69
41L_Month3_15	7
41L_Month3_16	71
41L_Month3_17	112
41L_Month3_18	25
41L_Month3_1	71
41L_Month3_21	63
41L_Month3_22	63
41L_Month3_23	8
41L_Month3_24	7
41L_Month3_2	68
41L_Month3_3	8
41L_Month3_4	71
41L_Month3_5	70
41L_Month3_6	8
41L_Month3_7	71
41L_Month3_8	119
41L_Month3_9	71
41L_Month6_10	139
41L_Month6_11	139
41L_Month6_12	206
41L_Month6_13	71
41L_Month6_14	71
41L_Month6_15	139
41L_Month6_16	139
41L_Month6_17	139
41L_Month6_18	71
41L_Month6_19	139
41L_Month6_1	7
41L_Month6_20	139
41L_Month6_21	71
41L_Month6_22	71
41L_Month6_23	139
41L_Month6_24	206
41L_Month6_2	70
41L_Month6_3	8
41L_Month6_4	71
41L_Month6_5	69
41L_Month6_6	175
41L_Month6_7	139
41L_Month6_8	139
41L_Month6_9	71
41N_Day7_10	67
41N_Day7_11	117
41N_Day7_12	71
41N_Day7_13	67
41N_Day7_14	68
41N_Day7_15	68
41N_Day7_16	68
41N_Day7_17	8
41N_Day7_18	8
41N_Day7_19	8
41N_Day7_1	8
41N_Day7_20	71
41N_Day7_21	61
41N_Day7_22	7
41N_Day7_23	68
41N_Day7_24	8
41N_Day7_2	84
41N_Day7_3	8
41N_Day7_4	92
41N_Day7_5	7
41N_Day7_6	8
41N_Day7_7	8
41N_Day7_8	8
41N_Day7_9	8
41N_Month1_10	8
41N_Month1_11	8
41N_Month1_12	8
41N_Month1_13	71
41N_Month1_14	955
41N_Month1_15	1117
41N_Month1_16	1116
41N_Month1_17	1149
41N_Month1_18	1039
41N_Month1_19	8
41N_Month1_1	7
41N_Month1_20	1094
41N_Month1_21	8
41N_Month1_22	8
41N_Month1_23	8
41N_Month1_24	8
41N_Month1_2	70
41N_Month1_3	1022
41N_Month1_4	8
41N_Month1_5	1121
41N_Month1_6	8
41N_Month1_7	71
41N_Month1_8	1098
41N_Month1_9	8
41N_Month3_10	71
41N_Month3_11	71
41N_Month3_12	63
41N_Month3_13	71
41N_Month3_14	8
41N_Month3_15	81
41N_Month3_16	71
41N_Month3_17	71
41N_Month3_18	71
41N_Month3_19	8
41N_Month3_1	71
41N_Month3_20	63
41N_Month3_21	29
41N_Month3_22	8
41N_Month3_23	8
41N_Month3_24	61
41N_Month3_2	69
41N_Month3_3	8
41N_Month3_4	71
41N_Month3_5	71
41N_Month3_6	71
41N_Month3_7	7
41N_Month3_8	71
41N_Month3_9	71
41N_Month6_10	71
41N_Month6_11	71
41N_Month6_12	139
41N_Month6_13	71
41N_Month6_14	71
41N_Month6_15	71
41N_Month6_16	71
41N_Month6_17	71
41N_Month6_18	71
41N_Month6_19	71
41N_Month6_1	71
41N_Month6_20	71
41N_Month6_21	71
41N_Month6_22	71
41N_Month6_23	71
41N_Month6_24	71
41N_Month6_2	71
41N_Month6_3	70
41N_Month6_4	71
41N_Month6_5	70
41N_Month6_6	71
41N_Month6_7	71
41N_Month6_8	71
41N_Month6_9	71
41R_Day3_10	71
41R_Day3_11	71
41R_Day3_12	80
41R_Day3_13	71
41R_Day3_14	71
41R_Day3_15	101
41R_Day3_16	71
41R_Day3_17	71
41R_Day3_18	71
41R_Day3_1	129
41R_Day3_20	81
41R_Day3_21	68
41R_Day3_22	71
41R_Day3_23	78
41R_Day3_24	71
41R_Day3_2	71
41R_Day3_3	71
41R_Day3_4	71
41R_Day3_5	69
41R_Day3_6	71
41R_Day3_7	71
41R_Day3_8	71
41R_Day3_9	81
41R_Day7_10	66
41R_Day7_11	69
41R_Day7_12	64
41R_Day7_13	71
41R_Day7_14	68
41R_Day7_15	8
41R_Day7_16	71
41R_Day7_17	68
41R_Day7_18	111
41R_Day7_19	71
41R_Day7_1	68
41R_Day7_20	72
41R_Day7_21	71
41R_Day7_22	72
41R_Day7_23	71
41R_Day7_24	91
41R_Day7_2	8
41R_Day7_3	118
41R_Day7_4	8
41R_Day7_5	9
41R_Day7_6	8
41R_Day7_7	71
41R_Day7_8	175
41R_Day7_9	8
41R_Month10_10	71
41R_Month10_11	65
41R_Month10_12	71
41R_Month10_13	781
41R_Month10_14	911
41R_Month10_15	71
41R_Month10_16	71
41R_Month10_17	81
41R_Month10_18	278
41R_Month10_19	369
41R_Month10_1	636
41R_Month10_20	225
41R_Month10_21	68
41R_Month10_22	61
41R_Month10_23	605
41R_Month10_24	175
41R_Month10_2	1017
41R_Month10_3	71
41R_Month10_4	67
41R_Month10_5	71
41R_Month10_6	240
41R_Month10_7	71
41R_Month10_8	63
41R_Month10_9	71
41R_Month1_10	81
41R_Month1_11	206
41R_Month1_12	204
41R_Month1_13	102
41R_Month1_14	136
41R_Month1_15	80
41R_Month1_16	107
41R_Month1_17	94
41R_Month1_18	8
41R_Month1_19	81
41R_Month1_1	124
41R_Month1_20	206
41R_Month1_21	101
41R_Month1_22	206
41R_Month1_23	207
41R_Month1_24	134
41R_Month1_2	81
41R_Month1_3	70
41R_Month1_4	104
41R_Month1_5	63
41R_Month1_6	38
41R_Month1_7	81
41R_Month1_8	86
41R_Month1_9	68
41R_Month3_10	63
41R_Month3_11	63
41R_Month3_12	63
41R_Month3_13	71
41R_Month3_14	69
41R_Month3_15	67
41R_Month3_16	8
41R_Month3_17	63
41R_Month3_18	63
41R_Month3_19	7
41R_Month3_1	75
41R_Month3_20	63
41R_Month3_21	63
41R_Month3_22	24
41R_Month3_23	62
41R_Month3_24	63
41R_Month3_2	71
41R_Month3_3	8
41R_Month3_4	8
41R_Month3_5	63
41R_Month3_6	63
41R_Month3_7	63
41R_Month3_8	63
41R_Month3_9	71
41R_Month6_10	71
41R_Month6_11	71
41R_Month6_12	71
41R_Month6_13	71
41R_Month6_14	71
41R_Month6_15	71
41R_Month6_16	71
41R_Month6_17	71
41R_Month6_18	71
41R_Month6_19	71
41R_Month6_1	70
41R_Month6_20	71
41R_Month6_21	71
41R_Month6_22	71
41R_Month6_23	71
41R_Month6_24	71
41R_Month6_2	82
41R_Month6_3	71
41R_Month6_5	71
41R_Month6_6	139
41R_Month6_7	71
41R_Month6_8	123
41R_Month6_9	71
42L_Day7_10	71
42L_Day7_11	63
42L_Day7_12	63
42L_Day7_13	71
42L_Day7_14	63
42L_Day7_15	63
42L_Day7_16	61
42L_Day7_17	71
42L_Day7_18	71
42L_Day7_19	71
42L_Day7_1	63
42L_Day7_20	71
42L_Day7_21	63
42L_Day7_22	61
42L_Day7_23	71
42L_Day7_24	63
42L_Day7_2	71
42L_Day7_3	63
42L_Day7_4	62
42L_Day7_5	63
42L_Day7_6	71
42L_Day7_7	71
42L_Day7_8	63
42L_Day7_9	63
42L_Month3_10	8
42L_Month3_11	63
42L_Month3_12	8
42L_Month3_13	63
42L_Month3_14	118
42L_Month3_15	7
42L_Month3_16	100
42L_Month3_17	71
42L_Month3_18	7
42L_Month3_19	71
42L_Month3_1	71
42L_Month3_20	62
42L_Month3_21	72
42L_Month3_23	8
42L_Month3_24	71
42L_Month3_2	63
42L_Month3_3	63
42L_Month3_4	63
42L_Month3_5	71
42L_Month3_8	71
42L_Month3_9	71
42L_Month6_10	65
42L_Month6_11	71
42L_Month6_12	139
42L_Month6_13	70
42L_Month6_14	68
42L_Month6_15	71
42L_Month6_16	71
42L_Month6_17	65
42L_Month6_18	8
42L_Month6_19	8
42L_Month6_1	71
42L_Month6_20	71
42L_Month6_21	8
42L_Month6_22	8
42L_Month6_23	71
42L_Month6_24	70
42L_Month6_2	90
42L_Month6_3	71
42L_Month6_4	66
42L_Month6_5	72
42L_Month6_6	8
42L_Month6_7	8
42L_Month6_8	71
42L_Month6_9	68
42N_Day7_10	63
42N_Day7_11	63
42N_Day7_12	63
42N_Day7_13	71
42N_Day7_14	71
42N_Day7_15	63
42N_Day7_16	71
42N_Day7_17	63
42N_Day7_18	63
42N_Day7_19	63
42N_Day7_1	71
42N_Day7_20	70
42N_Day7_21	63
42N_Day7_22	63
42N_Day7_23	71
42N_Day7_24	67
42N_Day7_2	71
42N_Day7_3	71
42N_Day7_4	63
42N_Day7_5	63
42N_Day7_6	63
42N_Day7_7	71
42N_Day7_8	73
42N_Day7_9	73
42N_Month3_10	71
42N_Month3_11	8
42N_Month3_12	8
42N_Month3_13	71
42N_Month3_14	67
42N_Month3_15	63
42N_Month3_16	77
42N_Month3_17	71
42N_Month3_18	7
42N_Month3_19	63
42N_Month3_1	71
42N_Month3_20	102
42N_Month3_21	71
42N_Month3_23	8
42N_Month3_24	73
42N_Month3_2	71
42N_Month3_3	63
42N_Month3_4	71
42N_Month3_5	71
42N_Month3_6	71
42N_Month3_7	73
42N_Month3_8	69
42N_Month3_9	118
42N_Month6_10	99
42N_Month6_11	71
42N_Month6_12	71
42N_Month6_13	137
42N_Month6_14	100
42N_Month6_15	102
42N_Month6_16	71
42N_Month6_17	71
42N_Month6_18	7
42N_Month6_19	71
42N_Month6_1	139
42N_Month6_20	102
42N_Month6_21	7
42N_Month6_22	59
42N_Month6_23	71
42N_Month6_24	7
42N_Month6_2	73
42N_Month6_3	71
42N_Month6_4	70
42N_Month6_5	70
42N_Month6_6	65
42N_Month6_7	7
42N_Month6_8	85
42N_Month6_9	71
42R_Day7_10	71
42R_Day7_11	71
42R_Day7_12	63
42R_Day7_13	71
42R_Day7_14	71
42R_Day7_15	71
42R_Day7_16	71
42R_Day7_17	71
42R_Day7_18	71
42R_Day7_19	71
42R_Day7_1	63
42R_Day7_20	63
42R_Day7_21	69
42R_Day7_22	63
42R_Day7_23	63
42R_Day7_24	71
42R_Day7_2	71
42R_Day7_3	63
42R_Day7_4	63
42R_Day7_5	71
42R_Day7_6	63
42R_Day7_7	71
42R_Day7_8	71
42R_Day7_9	63
42R_Month3_10	71
42R_Month3_11	71
42R_Month3_12	70
42R_Month3_13	8
42R_Month3_14	71
42R_Month3_15	71
42R_Month3_16	71
42R_Month3_17	71
42R_Month3_19	78
42R_Month3_1	71
42R_Month3_20	65
42R_Month3_21	8
42R_Month3_22	8
42R_Month3_23	70
42R_Month3_24	70
42R_Month3_2	71
42R_Month3_3	71
42R_Month3_4	72
42R_Month3_5	71
42R_Month3_6	8
42R_Month3_7	71
42R_Month3_8	8
42R_Month3_9	71
42R_Month6_10	8
42R_Month6_11	71
42R_Month6_12	72
42R_Month6_13	75
42R_Month6_14	68
42R_Month6_15	110
42R_Month6_16	7
42R_Month6_17	68
42R_Month6_18	68
42R_Month6_19	67
42R_Month6_1	75
42R_Month6_20	100
42R_Month6_21	174
42R_Month6_22	70
42R_Month6_23	71
42R_Month6_24	71
42R_Month6_2	71
42R_Month6_3	71
42R_Month6_4	71
42R_Month6_5	71
42R_Month6_6	8
42R_Month6_7	8
42R_Month6_8	100
42R_Month6_9	71
43B_Day7_10	71
43B_Day7_11	71
43B_Day7_12	71
43B_Day7_13	63
43B_Day7_14	63
43B_Day7_15	71
43B_Day7_16	71
43B_Day7_17	71
43B_Day7_18	63
43B_Day7_19	71
43B_Day7_1	70
43B_Day7_20	71
43B_Day7_21	71
43B_Day7_22	71
43B_Day7_23	71
43B_Day7_24	63
43B_Day7_2	63
43B_Day7_3	71
43B_Day7_4	63
43B_Day7_5	71
43B_Day7_6	71
43B_Day7_7	63
43B_Day7_8	63
43B_Day7_9	71
43B_Month6_10	185
43B_Month6_11	107
43B_Month6_12	139
43B_Month6_13	71
43B_Month6_14	71
43B_Month6_15	71
43B_Month6_16	71
43B_Month6_17	71
43B_Month6_18	67
43B_Month6_19	71
43B_Month6_1	71
43B_Month6_20	70
43B_Month6_21	71
43B_Month6_22	70
43B_Month6_23	71
43B_Month6_24	139
43B_Month6_2	71
43B_Month6_3	71
43B_Month6_4	71
43B_Month6_5	67
43B_Month6_6	139
43B_Month6_7	71
43B_Month6_8	71
43B_Month6_9	229
43L_Day7_10	63
43L_Day7_11	62
43L_Day7_12	63
43L_Day7_13	63
43L_Day7_14	71
43L_Day7_15	61
43L_Day7_16	63
43L_Day7_17	71
43L_Day7_18	63
43L_Day7_19	61
43L_Day7_1	59
43L_Day7_20	63
43L_Day7_21	73
43L_Day7_22	81
43L_Day7_23	63
43L_Day7_24	71
43L_Day7_2	63
43L_Day7_3	63
43L_Day7_4	63
43L_Day7_5	63
43L_Day7_6	73
43L_Day7_7	63
43L_Day7_8	81
43L_Day7_9	73
43L_Month6_10	139
43L_Month6_11	139
43L_Month6_12	139
43L_Month6_13	63
43L_Month6_14	63
43L_Month6_15	96
43L_Month6_16	71
43L_Month6_17	71
43L_Month6_18	105
43L_Month6_19	139
43L_Month6_1	70
43L_Month6_20	71
43L_Month6_21	71
43L_Month6_22	137
43L_Month6_23	71
43L_Month6_24	140
43L_Month6_2	71
43L_Month6_3	71
43L_Month6_4	71
43L_Month6_5	71
43L_Month6_6	121
43L_Month6_7	71
43L_Month6_8	72
43L_Month6_9	139
43N_Day7_10	63
43N_Day7_11	63
43N_Day7_12	71
43N_Day7_13	70
43N_Day7_14	63
43N_Day7_15	67
43N_Day7_16	71
43N_Day7_17	63
43N_Day7_18	63
43N_Day7_19	73
43N_Day7_1	71
43N_Day7_20	73
43N_Day7_21	63
43N_Day7_22	63
43N_Day7_23	71
43N_Day7_24	63
43N_Day7_2	71
43N_Day7_3	73
43N_Day7_4	63
43N_Day7_5	71
43N_Day7_6	63
43N_Day7_7	71
43N_Day7_8	71
43N_Day7_9	71
43N_Month6_10	71
43N_Month6_11	71
43N_Month6_12	67
43N_Month6_13	71
43N_Month6_14	71
43N_Month6_15	70
43N_Month6_16	71
43N_Month6_17	71
43N_Month6_18	71
43N_Month6_19	71
43N_Month6_1	63
43N_Month6_20	71
43N_Month6_21	71
43N_Month6_22	139
43N_Month6_23	139
43N_Month6_24	70
43N_Month6_2	71
43N_Month6_3	71
43N_Month6_4	71
43N_Month6_5	71
43N_Month6_6	71
43N_Month6_7	71
43N_Month6_8	71
43N_Month6_9	71
43R_Day7_10	63
43R_Day7_11	71
43R_Day7_12	71
43R_Day7_13	71
43R_Day7_14	71
43R_Day7_15	81
43R_Day7_16	71
43R_Day7_17	63
43R_Day7_18	63
43R_Day7_19	62
43R_Day7_1	71
43R_Day7_20	71
43R_Day7_21	63
43R_Day7_22	71
43R_Day7_23	71
43R_Day7_24	67
43R_Day7_2	71
43R_Day7_3	71
43R_Day7_4	71
43R_Day7_5	62
43R_Day7_6	70
43R_Day7_7	71
43R_Day7_8	63
43R_Day7_9	63
43R_Month6_10	139
43R_Month6_11	139
43R_Month6_12	139
43R_Month6_13	139
43R_Month6_14	71
43R_Month6_15	139
43R_Month6_16	71
43R_Month6_17	139
43R_Month6_18	100
43R_Month6_19	139
43R_Month6_1	71
43R_Month6_20	100
43R_Month6_21	71
43R_Month6_22	139
43R_Month6_23	139
43R_Month6_24	139
43R_Month6_2	70
43R_Month6_3	71
43R_Month6_4	70
43R_Month6_5	71
43R_Month6_6	71
43R_Month6_7	111
43R_Month6_8	75
43R_Month6_9	71
44B_Day7_10	63
44B_Day7_11	63
44B_Day7_12	63
44B_Day7_13	71
44B_Day7_14	63
44B_Day7_15	63
44B_Day7_16	63
44B_Day7_17	71
44B_Day7_18	71
44B_Day7_19	71
44B_Day7_1	67
44B_Day7_20	71
44B_Day7_21	63
44B_Day7_22	78
44B_Day7_23	78
44B_Day7_24	63
44B_Day7_2	63
44B_Day7_3	63
44B_Day7_4	63
44B_Day7_5	63
44B_Day7_6	63
44B_Day7_7	71
44B_Day7_8	63
44B_Day7_9	73
44B_Month6_10	7
44B_Month6_11	8
44B_Month6_12	134
44B_Month6_13	71
44B_Month6_14	71
44B_Month6_15	71
44B_Month6_16	71
44B_Month6_17	71
44B_Month6_18	71
44B_Month6_19	71
44B_Month6_1	71
44B_Month6_20	71
44B_Month6_21	71
44B_Month6_22	8
44B_Month6_23	71
44B_Month6_24	71
44B_Month6_2	63
44B_Month6_3	71
44B_Month6_4	71
44B_Month6_5	71
44B_Month6_6	70
44B_Month6_7	71
44B_Month6_8	71
44B_Month6_9	7
44L_Day7_10	73
44L_Day7_11	63
44L_Day7_12	63
44L_Day7_13	67
44L_Day7_14	71
44L_Day7_15	63
44L_Day7_16	63
44L_Day7_17	71
44L_Day7_18	63
44L_Day7_19	71
44L_Day7_1	71
44L_Day7_20	70
44L_Day7_21	63
44L_Day7_22	71
44L_Day7_23	63
44L_Day7_24	63
44L_Day7_2	61
44L_Day7_3	63
44L_Day7_4	71
44L_Day7_5	71
44L_Day7_6	71
44L_Day7_7	63
44L_Day7_8	71
44L_Day7_9	71
44L_Month6_10	8
44L_Month6_11	8
44L_Month6_12	8
44L_Month6_13	68
44L_Month6_14	71
44L_Month6_15	75
44L_Month6_16	71
44L_Month6_17	71
44L_Month6_18	71
44L_Month6_19	8
44L_Month6_1	71
44L_Month6_20	71
44L_Month6_21	71
44L_Month6_22	71
44L_Month6_23	67
44L_Month6_24	8
44L_Month6_2	71
44L_Month6_3	71
44L_Month6_4	71
44L_Month6_5	70
44L_Month6_6	71
44L_Month6_7	69
44L_Month6_8	69
44L_Month6_9	8
44N_Day7_10	63
44N_Day7_11	63
44N_Day7_12	63
44N_Day7_13	71
44N_Day7_14	71
44N_Day7_15	71
44N_Day7_16	63
44N_Day7_17	67
44N_Day7_18	71
44N_Day7_19	71
44N_Day7_1	71
44N_Day7_20	63
44N_Day7_21	63
44N_Day7_22	73
44N_Day7_23	71
44N_Day7_24	63
44N_Day7_2	60
44N_Day7_3	63
44N_Day7_4	71
44N_Day7_5	71
44N_Day7_6	71
44N_Day7_7	71
44N_Day7_8	71
44N_Day7_9	71
44N_Month1_10	64
44N_Month1_11	8
44N_Month1_12	7
44N_Month1_13	610
44N_Month1_14	895
44N_Month1_15	1017
44N_Month1_16	953
44N_Month1_17	1129
44N_Month1_18	1619
44N_Month1_19	8
44N_Month1_1	1110
44N_Month1_20	7
44N_Month1_21	8
44N_Month1_22	8
44N_Month1_23	8
44N_Month1_2	8
44N_Month1_3	1053
44N_Month1_4	7
44N_Month1_5	8
44N_Month1_6	71
44N_Month1_7	8
44N_Month1_8	8
44N_Month1_9	8
44N_Month6_10	71
44N_Month6_11	8
44N_Month6_12	68
44N_Month6_13	71
44N_Month6_14	134
44N_Month6_15	71
44N_Month6_16	71
44N_Month6_17	71
44N_Month6_18	71
44N_Month6_19	71
44N_Month6_1	71
44N_Month6_20	71
44N_Month6_21	71
44N_Month6_22	65
44N_Month6_23	8
44N_Month6_24	7
44N_Month6_2	71
44N_Month6_3	71
44N_Month6_4	70
44N_Month6_5	71
44N_Month6_6	71
44N_Month6_7	71
44N_Month6_8	67
44N_Month6_9	71
44R_Day3_10	66
44R_Day3_11	81
44R_Day3_12	81
44R_Day3_13	71
44R_Day3_14	71
44R_Day3_15	81
44R_Day3_16	71
44R_Day3_17	70
44R_Day3_18	71
44R_Day3_19	71
44R_Day3_1	71
44R_Day3_20	69
44R_Day3_21	71
44R_Day3_22	55
44R_Day3_23	63
44R_Day3_24	63
44R_Day3_2	71
44R_Day3_3	81
44R_Day3_4	71
44R_Day3_5	71
44R_Day3_6	71
44R_Day3_7	71
44R_Day3_8	71
44R_Day3_9	71
44R_Day7_10	71
44R_Day7_11	63
44R_Day7_12	63
44R_Day7_13	61
44R_Day7_14	63
44R_Day7_15	63
44R_Day7_16	71
44R_Day7_17	63
44R_Day7_18	70
44R_Day7_19	63
44R_Day7_1	63
44R_Day7_20	71
44R_Day7_21	63
44R_Day7_22	71
44R_Day7_23	63
44R_Day7_24	63
44R_Day7_2	63
44R_Day7_3	71
44R_Day7_4	63
44R_Day7_5	63
44R_Day7_6	63
44R_Day7_7	71
44R_Day7_8	71
44R_Day7_9	71
44R_Month10_10	65
44R_Month10_11	209
44R_Month10_12	71
44R_Month10_13	81
44R_Month10_14	803
44R_Month10_15	108
44R_Month10_16	81
44R_Month10_17	71
44R_Month10_18	584
44R_Month10_19	79
44R_Month10_1	641
44R_Month10_20	71
44R_Month10_21	73
44R_Month10_22	69
44R_Month10_23	69
44R_Month10_24	71
44R_Month10_2	199
44R_Month10_3	186
44R_Month10_4	372
44R_Month10_5	267
44R_Month10_6	386
44R_Month10_7	71
44R_Month10_8	71
44R_Month10_9	81
44R_Month1_10	206
44R_Month1_11	206
44R_Month1_12	206
44R_Month1_13	70
44R_Month1_14	76
44R_Month1_15	94
44R_Month1_16	69
44R_Month1_17	73
44R_Month1_18	93
44R_Month1_19	96
44R_Month1_1	10
44R_Month1_20	81
44R_Month1_21	71
44R_Month1_22	201
44R_Month1_23	71
44R_Month1_24	206
44R_Month1_2	76
44R_Month1_3	71
44R_Month1_4	131
44R_Month1_5	90
44R_Month1_6	60
44R_Month1_7	81
44R_Month1_8	63
44R_Month1_9	70
44R_Month6_10	7
44R_Month6_11	68
44R_Month6_12	7
44R_Month6_13	139
44R_Month6_14	71
44R_Month6_15	71
44R_Month6_16	71
44R_Month6_17	70
44R_Month6_18	71
44R_Month6_19	71
44R_Month6_1	71
44R_Month6_20	71
44R_Month6_21	8
44R_Month6_22	8
44R_Month6_23	70
44R_Month6_24	71
44R_Month6_2	71
44R_Month6_3	71
44R_Month6_4	71
44R_Month6_5	71
44R_Month6_6	71
44R_Month6_7	8
44R_Month6_8	8
44R_Month6_9	8
45L_Day7_10	71
45L_Day7_11	8
45L_Day7_12	63
45L_Day7_13	63
45L_Day7_14	71
45L_Day7_15	63
45L_Day7_16	63
45L_Day7_17	69
45L_Day7_18	71
45L_Day7_19	71
45L_Day7_1	63
45L_Day7_20	71
45L_Day7_21	63
45L_Day7_22	71
45L_Day7_23	59
45L_Day7_24	8
45L_Day7_2	71
45L_Day7_3	61
45L_Day7_4	71
45L_Day7_5	71
45L_Day7_6	63
45L_Day7_7	63
45L_Day7_8	71
45L_Day7_9	63
45L_Month3_10	71
45L_Month3_11	69
45L_Month3_12	86
45L_Month3_13	71
45L_Month3_14	90
45L_Month3_15	71
45L_Month3_16	71
45L_Month3_17	69
45L_Month3_18	71
45L_Month3_19	71
45L_Month3_1	63
45L_Month3_20	68
45L_Month3_21	71
45L_Month3_22	71
45L_Month3_23	71
45L_Month3_24	63
45L_Month3_3	79
45L_Month3_5	69
45L_Month3_7	63
45L_Month3_8	71
45L_Month3_9	71
45N_Day7_10	63
45N_Day7_11	59
45N_Day7_12	198
45N_Day7_13	71
45N_Day7_14	69
45N_Day7_15	71
45N_Day7_16	63
45N_Day7_17	71
45N_Day7_18	71
45N_Day7_19	63
45N_Day7_1	71
45N_Day7_20	139
45N_Day7_21	63
45N_Day7_22	63
45N_Day7_23	71
45N_Day7_24	63
45N_Day7_2	71
45N_Day7_3	71
45N_Day7_4	71
45N_Day7_5	67
45N_Day7_6	71
45N_Day7_7	71
45N_Day7_8	71
45N_Day7_9	71
45N_Month3_10	71
45N_Month3_11	92
45N_Month3_12	399
45N_Month3_15	95
45N_Month3_18	71
45N_Month3_19	63
45N_Month3_1	71
45N_Month3_20	8
45N_Month3_21	71
45N_Month3_22	63
45N_Month3_23	63
45N_Month3_24	100
45N_Month3_2	310
45N_Month3_3	172
45N_Month3_4	63
45N_Month3_5	63
45N_Month3_6	63
45N_Month3_7	8
45N_Month3_8	71
45N_Month3_9	147
45R_Day7_10	59
45R_Day7_11	63
45R_Day7_12	68
45R_Day7_13	71
45R_Day7_14	71
45R_Day7_15	71
45R_Day7_16	139
45R_Day7_17	63
45R_Day7_18	71
45R_Day7_19	71
45R_Day7_1	63
45R_Day7_20	63
45R_Day7_21	63
45R_Day7_22	98
45R_Day7_23	63
45R_Day7_24	63
45R_Day7_2	62
45R_Day7_3	71
45R_Day7_4	71
45R_Day7_5	71
45R_Day7_6	71
45R_Day7_7	71
45R_Day7_8	63
45R_Day7_9	63
46L_Day7_11	63
46L_Day7_12	71
46L_Day7_13	100
46L_Day7_14	102
46L_Day7_16	63
46L_Day7_17	63
46L_Day7_19	63
46L_Day7_1	92
46L_Day7_20	92
46L_Day7_22	63
46L_Day7_23	8
46L_Day7_24	63
46L_Day7_2	92
46L_Day7_3	63
46L_Day7_5	63
46L_Day7_6	92
46L_Day7_8	75
46L_Day7_9	63
46L_Month6_10	71
46L_Month6_11	75
46L_Month6_12	81
46L_Month6_13	71
46L_Month6_14	68
46L_Month6_15	7
46L_Month6_17	68
46L_Month6_18	70
46L_Month6_19	71
46L_Month6_1	67
46L_Month6_20	67
46L_Month6_21	71
46L_Month6_22	70
46L_Month6_23	71
46L_Month6_24	71
46L_Month6_2	8
46L_Month6_3	82
46L_Month6_4	71
46L_Month6_5	71
46L_Month6_7	81
46L_Month6_8	84
46L_Month6_9	80
46N_Day3_10	71
46N_Day3_11	81
46N_Day3_12	81
46N_Day3_13	71
46N_Day3_14	79
46N_Day3_15	70
46N_Day3_16	63
46N_Day3_17	63
46N_Day3_18	71
46N_Day3_19	81
46N_Day3_1	69
46N_Day3_20	71
46N_Day3_21	63
46N_Day3_22	78
46N_Day3_23	8
46N_Day3_24	71
46N_Day3_2	71
46N_Day3_3	122
46N_Day3_4	88
46N_Day3_5	70
46N_Day3_6	71
46N_Day3_7	71
46N_Day3_8	71
46N_Day3_9	71
46N_Day7_10	63
46N_Day7_11	63
46N_Day7_12	63
46N_Day7_13	70
46N_Day7_14	71
46N_Day7_15	71
46N_Day7_16	63
46N_Day7_17	63
46N_Day7_18	130
46N_Day7_19	70
46N_Day7_1	63
46N_Day7_20	71
46N_Day7_21	63
46N_Day7_22	63
46N_Day7_23	131
46N_Day7_24	126
46N_Day7_2	71
46N_Day7_3	67
46N_Day7_4	71
46N_Day7_5	67
46N_Day7_6	131
46N_Day7_7	63
46N_Day7_8	63
46N_Day7_9	63
46N_Month10_11	108
46N_Month10_12	81
46N_Month10_13	81
46N_Month10_14	131
46N_Month10_15	81
46N_Month10_16	90
46N_Month10_17	78
46N_Month10_18	72
46N_Month10_19	70
46N_Month10_1	71
46N_Month10_20	78
46N_Month10_21	68
46N_Month10_22	66
46N_Month10_23	166
46N_Month10_24	81
46N_Month10_2	156
46N_Month10_3	169
46N_Month10_4	73
46N_Month10_5	72
46N_Month10_6	81
46N_Month10_7	68
46N_Month10_8	66
46N_Month10_9	81
46N_Month1_10	10
46N_Month1_11	81
46N_Month1_12	206
46N_Month1_13	76
46N_Month1_14	67
46N_Month1_15	71
46N_Month1_16	68
46N_Month1_18	104
46N_Month1_19	8
46N_Month1_1	104
46N_Month1_20	132
46N_Month1_21	81
46N_Month1_22	76
46N_Month1_23	71
46N_Month1_24	206
46N_Month1_2	68
46N_Month1_3	127
46N_Month1_4	169
46N_Month1_5	81
46N_Month1_6	68
46N_Month1_7	99
46N_Month1_8	206
46N_Month1_9	71
46N_Month6_10	71
46N_Month6_11	63
46N_Month6_12	120
46N_Month6_13	63
46N_Month6_14	7
46N_Month6_15	8
46N_Month6_16	71
46N_Month6_17	63
46N_Month6_18	71
46N_Month6_19	65
46N_Month6_1	71
46N_Month6_20	72
46N_Month6_21	69
46N_Month6_22	63
46N_Month6_23	61
46N_Month6_24	71
46N_Month6_2	71
46N_Month6_3	71
46N_Month6_4	67
46N_Month6_5	71
46N_Month6_6	67
46N_Month6_7	67
46N_Month6_8	71
46N_Month6_9	63
46R_Day7_10	8
46R_Day7_11	63
46R_Day7_12	63
46R_Day7_13	63
46R_Day7_14	63
46R_Day7_15	16
46R_Day7_16	81
46R_Day7_17	92
46R_Day7_18	63
46R_Day7_19	100
46R_Day7_1	92
46R_Day7_20	139
46R_Day7_21	111
46R_Day7_22	102
46R_Day7_23	63
46R_Day7_24	63
46R_Day7_2	102
46R_Day7_4	63
46R_Day7_7	92
46R_Day7_8	63
46R_Day7_9	61
46R_Month1_10	8
46R_Month1_11	8
46R_Month1_12	1018
46R_Month1_14	820
46R_Month1_15	955
46R_Month1_16	1056
46R_Month1_17	1169
46R_Month1_18	853
46R_Month1_19	218
46R_Month1_1	8
46R_Month1_20	59
46R_Month1_21	7
46R_Month1_22	8
46R_Month1_23	1095
46R_Month1_24	66
46R_Month1_2	7
46R_Month1_3	1018
46R_Month1_4	854
46R_Month1_5	1020
46R_Month1_6	70
46R_Month1_7	64
46R_Month1_8	167
46R_Month1_9	8
46R_Month6_10	68
46R_Month6_11	69
46R_Month6_12	123
46R_Month6_13	52
46R_Month6_14	97
46R_Month6_15	60
46R_Month6_16	69
46R_Month6_17	150
46R_Month6_18	70
46R_Month6_19	8
46R_Month6_1	71
46R_Month6_20	71
46R_Month6_21	67
46R_Month6_22	8
46R_Month6_23	65
46R_Month6_24	64
46R_Month6_2	70
46R_Month6_3	71
46R_Month6_4	71
46R_Month6_5	8
46R_Month6_6	71
46R_Month6_7	71
46R_Month6_8	100
46R_Month6_9	71
AZ51_reference	70
